-- +goose Up

CREATE TABLE IF NOT EXISTS `paises` (
  `alfa2` varchar(2) NOT NULL,
  `nombre_pais` varchar(100) CHARACTER SET utf8mb3 COLLATE utf8mb3_spanish_ci NOT NULL,
  `iso-numerico` int(3) NOT NULL,
  `alfa3` varchar(3) NOT NULL
) ENGINE=InnoDB DEFAULT CHARSET=utf8mb3 COLLATE=utf8mb3_general_ci;

INSERT IGNORE INTO `paises` (`alfa2`, `nombre_pais`, `iso-numerico`, `alfa3`) VALUES
('AD', 'Andorra', 20, 'AND'),
('AE', 'Emiratos Árabes Unidos', 784, 'ARE'),
('AF', 'Afganistán', 4, 'AFG'),
('AG', 'Antigua y Barbuda', 28, 'ATG'),
('AI', 'Anguila', 660, 'AIA'),
('AL', 'Albania', 8, 'ALB'),
('AM', 'Armenia', 51, 'ARM'),
('AN', 'Antillas Neerlandesas', 530, 'ANT'),
('AO', 'Angola', 24, 'AGO'),
('AQ', 'Antártida', 10, 'ATA'),
('AR', 'Argentina', 32, 'ARG'),
('AS', 'Samoa Americana', 16, 'ASM'),
('AT', 'Austria', 40, 'AUT'),
('AU', 'Australia', 36, 'AUS'),
('AW', 'Aruba', 533, 'ABW'),
('AX', 'Islas Áland', 248, 'ALA'),
('AZ', 'Azerbaiyán', 31, 'AZE'),
('BA', 'Bosnia y Herzegovina', 70, 'BIH'),
('BB', 'Barbados', 52, 'BRB'),
('BD', 'Bangladesh', 50, 'BGD'),
('BE', 'Bélgica', 56, 'BEL'),
('BF', 'Burkina Faso', 854, 'BFA'),
('BG', 'Bulgaria', 100, 'BGR'),
('BH', 'Bahréin', 48, 'BHR'),
('BI', 'Burundi', 108, 'BDI'),
('BJ', 'Benin', 204, 'BEN'),
('BL', 'San Bartolomé', 652, 'BLM'),
('BM', 'Bermudas', 60, 'BMU'),
('BN', 'Brunéi', 96, 'BRN'),
('BO', 'Bolivia', 68, 'BOL'),
('BR', 'Brasil', 76, 'BRA'),
('BS', 'Bahamas', 44, 'BHS'),
('BT', 'Bhután', 64, 'BTN'),
('BV', 'Isla Bouvet', 74, 'BVT'),
('BW', 'Botsuana', 72, 'BWA'),
('BY', 'Belarús', 112, 'BLR'),
('BZ', 'Belice', 84, 'BLZ'),
('CA', 'Canadá', 124, 'CAN'),
('CC', 'Islas Cocos', 166, 'CCK'),
('CF', 'República Centro-Africana', 140, 'CAF'),
('CG', 'Congo', 178, 'COG'),
('CH', 'Suiza', 756, 'CHE'),
('CI', 'Costa de Marfil', 384, 'CIV'),
('CK', 'Islas Cook', 184, 'COK'),
('CL', 'Chile', 152, 'CHL'),
('CM', 'Camerún', 120, 'CMR'),
('CN', 'China', 156, 'CHN'),
('CO', 'Colombia', 170, 'COL'),
('CR', 'Costa Rica', 188, 'CRI'),
('CU', 'Cuba', 192, 'CUB'),
('CV', 'Cabo Verde', 132, 'CPV'),
('CX', 'Islas Christmas', 162, 'CXR'),
('CY', 'Chipre', 196, 'CYP'),
('CZ', 'República Checa', 203, 'CZE'),
('DE', 'Alemania', 276, 'DEU'),
('DJ', 'Yibuti', 262, 'DJI'),
('DK', 'Dinamarca', 208, 'DNK'),
('DM', 'Domínica', 212, 'DMA'),
('DO', 'República Dominicana', 214, 'DOM'),
('DZ', 'Argel', 12, 'DZA'),
('EC', 'Ecuador', 218, 'ECU'),
('EE', 'Estonia', 233, 'EST'),
('EG', 'Egipto', 818, 'EGY'),
('EH', 'Sahara Occidental', 732, 'ESH'),
('ER', 'Eritrea', 232, 'ERI'),
('ES', 'España', 724, 'ESP'),
('ET', 'Etiopía', 231, 'ETH'),
('FI', 'Finlandia', 246, 'FIN'),
('FJ', 'Fiji', 242, 'FJI'),
('FK', 'Islas Malvinas', 238, 'KLK'),
('FM', 'Micronesia', 583, 'FSM'),
('FO', 'Islas Faroe', 234, 'FRO'),
('FR', 'Francia', 250, 'FRA'),
('GA', 'Gabón', 266, 'GAB'),
('GB', 'Reino Unido', 826, 'GBR'),
('GD', 'Granada', 308, 'GRD'),
('GE', 'Georgia', 268, 'GEO'),
('GF', 'Guayana Francesa', 254, 'GUF'),
('GG', 'Guernsey', 831, 'GGY'),
('GH', 'Ghana', 288, 'GHA'),
('GI', 'Gibraltar', 292, 'GIB'),
('GL', 'Groenlandia', 304, 'GRL'),
('GM', 'Gambia', 270, 'GMB'),
('GN', 'Guinea', 324, 'GIN'),
('GP', 'Guadalupe', 312, 'GLP'),
('GQ', 'Guinea Ecuatorial', 226, 'GNQ'),
('GR', 'Grecia', 300, 'GRC'),
('GS', 'Georgia del Sur e Islas Sandwich del Sur', 239, 'SGS'),
('GT', 'Guatemala', 320, 'GTM'),
('GU', 'Guam', 316, 'GUM'),
('GW', 'Guinea-Bissau', 624, 'GNB'),
('GY', 'Guayana', 328, 'GUY'),
('HK', 'Hong Kong', 344, 'HKG'),
('HM', 'Islas Heard y McDonald', 334, 'HMD'),
('HN', 'Honduras', 340, 'HND'),
('HR', 'Croacia', 191, 'HRV'),
('HT', 'Haití', 332, 'HTI'),
('HU', 'Hungría', 348, 'HUN'),
('ID', 'Indonesia', 360, 'IDN'),
('IE', 'Irlanda', 372, 'IRL'),
('IL', 'Israel', 376, 'ISR'),
('IM', 'Isla de Man', 833, 'IMN'),
('IN', 'India', 356, 'IND'),
('IO', 'Territorio Británico del Océano Índico', 86, 'IOT'),
('IQ', 'Irak', 368, 'IRQ'),
('IR', 'Irán', 364, 'IRN'),
('IS', 'Islandia', 352, 'ISL'),
('IT', 'Italia', 380, 'ITA'),
('JE', 'Jersey', 832, 'JEY'),
('JM', 'Jamaica', 388, 'JAM'),
('JO', 'Jordania', 400, 'JOR'),
('JP', 'Japón', 392, 'JPN'),
('KE', 'Kenia', 404, 'KEN'),
('KG', 'Kirguistán', 417, 'KGZ'),
('KH', 'Camboya', 116, 'KHM'),
('KI', 'Kiribati', 296, 'KIR'),
('KM', 'Comoros', 174, 'COM'),
('KN', 'San Cristóbal y Nieves', 659, 'KNA'),
('KP', 'Corea del Norte', 408, 'PRK'),
('KR', 'Corea del Sur', 410, 'KOR'),
('KW', 'Kuwait', 414, 'KWT'),
('KY', 'Islas Caimán', 136, 'CYM'),
('KZ', 'Kazajstán', 398, 'KAZ'),
('LA', 'Laos', 418, 'LAO'),
('LB', 'Líbano', 422, 'LBN'),
('LC', 'Santa Lucía', 662, 'LCA'),
('LI', 'Liechtenstein', 438, 'LIE'),
('LK', 'Sri Lanka', 144, 'LKA'),
('LR', 'Liberia', 430, 'LBR'),
('LS', 'Lesotho', 426, 'LSO'),
('LT', 'Lituania', 440, 'LTU'),
('LU', 'Luxemburgo', 442, 'LUX'),
('LV', 'Letonia', 428, 'LVA'),
('LY', 'Libia', 434, 'LBY'),
('MA', 'Marruecos', 504, 'MAR'),
('MC', 'Mónaco', 492, 'MCO'),
('MD', 'Moldova', 498, 'MDA'),
('ME', 'Montenegro', 499, 'MNE'),
('MG', 'Madagascar', 450, 'MDG'),
('MH', 'Islas Marshall', 584, 'MHL'),
('MK', 'Macedonia', 807, 'MKD'),
('ML', 'Mali', 466, 'MLI'),
('MM', 'Myanmar', 104, 'MMR'),
('MN', 'Mongolia', 496, 'MNG'),
('MO', 'Macao', 446, 'MAC'),
('MQ', 'Martinica', 474, 'MTQ'),
('MR', 'Mauritania', 478, 'MRT'),
('MS', 'Montserrat', 500, 'MSR'),
('MT', 'Malta', 470, 'MLT'),
('MU', 'Mauricio', 480, 'MUS'),
('MV', 'Maldivas', 462, 'MDV'),
('MW', 'Malawi', 454, 'MWI'),
('MX', 'México', 484, 'MEX'),
('MY', 'Malasia', 458, 'MYS'),
('MZ', 'Mozambique', 508, 'MOZ'),
('NA', 'Namibia', 516, 'NAM'),
('NC', 'Nueva Caledonia', 540, 'NCL'),
('NE', 'Níger', 562, 'NER'),
('NF', 'Islas Norkfolk', 574, 'NFK'),
('NG', 'Nigeria', 566, 'NGA'),
('NI', 'Nicaragua', 558, 'NIC'),
('NL', 'Países Bajos', 528, 'NLD'),
('NO', 'Noruega', 578, 'NOR'),
('NP', 'Nepal', 524, 'NPL'),
('NR', 'Nauru', 520, 'NRU'),
('NU', 'Niue', 570, 'NIU'),
('NZ', 'Nueva Zelanda', 554, 'NZL'),
('OM', 'Omán', 512, 'OMN'),
('PA', 'Panamá', 591, 'PAN'),
('PE', 'Perú', 604, 'PER'),
('PF', 'Polinesia Francesa', 258, 'PYF'),
('PG', 'Papúa Nueva Guinea', 598, 'PNG'),
('PH', 'Filipinas', 608, 'PHL'),
('PK', 'Pakistán', 586, 'PAK'),
('PL', 'Polonia', 616, 'POL'),
('PM', 'San Pedro y Miquelón', 666, 'SPM'),
('PN', 'Islas Pitcairn', 612, 'PCN'),
('PR', 'Puerto Rico', 630, 'PRI'),
('PS', 'Palestina', 275, 'PSE'),
('PT', 'Portugal', 620, 'PRT'),
('PW', 'Islas Palaos', 585, 'PLW'),
('PY', 'Paraguay', 600, 'PRY'),
('QA', 'Qatar', 634, 'QAT'),
('RE', 'Reunión', 638, 'REU'),
('RO', 'Rumanía', 642, 'ROU'),
('RS', 'Serbia y Montenegro', 688, 'SRB'),
('RU', 'Rusia', 643, 'RUS'),
('RW', 'Ruanda', 646, 'RWA'),
('SA', 'Arabia Saudita', 682, 'SAU'),
('SB', 'Islas Solomón', 90, 'SLB'),
('SC', 'Seychelles', 690, 'SYC'),
('SD', 'Sudán', 736, 'SDN'),
('SE', 'Suecia', 752, 'SWE'),
('SG', 'Singapur', 702, 'SGP'),
('SH', 'Santa Elena', 654, 'SHN'),
('SI', 'Eslovenia', 705, 'SVN'),
('SJ', 'Islas Svalbard y Jan Mayen', 744, 'SJM'),
('SK', 'Eslovaquia', 703, 'SVK'),
('SL', 'Sierra Leona', 694, 'SLE'),
('SM', 'San Marino', 674, 'SMR'),
('SN', 'Senegal', 686, 'SEN'),
('SO', 'Somalia', 706, 'SOM'),
('SR', 'Surinam', 740, 'SUR'),
('ST', 'Santo Tomé y Príncipe', 678, 'STP'),
('SV', 'El Salvador', 222, 'SLV'),
('SY', 'Siria', 760, 'SYR'),
('SZ', 'Suazilandia', 748, 'SWZ'),
('TC', 'Islas Turcas y Caicos', 796, 'TCA'),
('TD', 'Chad', 148, 'TCD'),
('TF', 'Territorios Australes Franceses', 260, 'ATF'),
('TG', 'Togo', 768, 'TGO'),
('TH', 'Tailandia', 764, 'THA'),
('TH', 'Tanzania', 834, 'TZA'),
('TJ', 'Tayikistán', 762, 'TJK'),
('TK', 'Tokelau', 772, 'TKL'),
('TL', 'Timor-Leste', 626, 'TLS'),
('TM', 'Turkmenistán', 795, 'TKM'),
('TN', 'Túnez', 788, 'TUN'),
('TO', 'Tonga', 776, 'TON'),
('TR', 'Turquía', 792, 'TUR'),
('TT', 'Trinidad y Tobago', 780, 'TTO'),
('TV', 'Tuvalu', 798, 'TUV'),
('TW', 'Taiwán', 158, 'TWN'),
('UA', 'Ucrania', 804, 'UKR'),
('UG', 'Uganda', 800, 'UGA'),
('US', 'Estados Unidos de América', 840, 'USA'),
('UY', 'Uruguay', 858, 'URY'),
('UZ', 'Uzbekistán', 860, 'UZB'),
('VA', 'Ciudad del Vaticano', 336, 'VAT'),
('VC', 'San Vicente y las Granadinas', 670, 'VCT'),
('VE', 'Venezuela', 862, 'VEN'),
('VG', 'Islas Vírgenes Británicas', 92, 'VGB'),
('VI', 'Islas Vírgenes de los Estados Unidos de América', 850, 'VIR'),
('VN', 'Vietnam', 704, 'VNM'),
('VU', 'Vanuatu', 548, 'VUT'),
('WF', 'Wallis y Futuna', 876, 'WLF'),
('WS', 'Samoa', 882, 'WSM'),
('YE', 'Yemen', 887, 'YEM'),
('YT', 'Mayotte', 175, 'MYT'),
('ZA', 'Sudáfrica', 710, 'ZAF');

CREATE TABLE IF NOT EXISTS `provincias` (
  `cod_provincia` int(2) UNSIGNED ZEROFILL PRIMARY KEY AUTO_INCREMENT,
  `nom_provincia` varchar(40) NOT NULL
) ENGINE=InnoDB DEFAULT CHARSET=utf8mb4 COLLATE=utf8mb4_general_ci;

INSERT IGNORE INTO `provincias` (`cod_provincia`, `nom_provincia`) VALUES
(01, 'BARCELONA'),
(02, 'MALLORCA'),
(03, 'ANDORRA');

CREATE TABLE IF NOT EXISTS `poblaciones` (
  `cod_poblacion` int(6) UNSIGNED ZEROFILL AUTO_INCREMENT,
  `nom_poblacion` varchar(40) NOT NULL,
  `cod_provincia` int(2) UNSIGNED ZEROFILL NOT NULL,

  PRIMARY KEY (`cod_poblacion`),

  FOREIGN KEY (`cod_provincia`) REFERENCES `provincias` (cod_provincia)
) ENGINE=InnoDB DEFAULT CHARSET=utf8mb4 COLLATE=utf8mb4_general_ci;

INSERT IGNORE INTO `poblaciones` (`cod_poblacion`, `nom_poblacion`, `cod_provincia`) VALUES
(000001, 'BARCELONA', 01),
(000002, 'BADALONA', 01),
(000003, 'INCA', 02),
(000004, 'CANILLO', 03);

CREATE TABLE IF NOT EXISTS `colores` (
  `cod_color` int(2) NOT NULL AUTO_INCREMENT,
  `color` varchar(20) NOT NULL,
  `color_ing` varchar(20) NOT NULL,

  PRIMARY KEY (`cod_color`)
) ENGINE=MyISAM DEFAULT CHARSET=latin1 COLLATE=latin1_swedish_ci;

INSERT IGNORE INTO `colores` (`cod_color`, `color`, `color_ing`) VALUES
(1, 'BLANCO', 'WHITE'),
(2, 'NEGRO', 'BLACK'),
(3, 'ROJO', 'RED'),
(4, 'AZUL', 'BLUE'),
(5, 'VERDE', 'GREEN'),
(6, 'AMARILLO', 'YELLOW'),
(7, 'GRIS', 'GREY'),
(8, 'GRIS PLATA', 'CHROMO'),
(9, 'GRANATE', 'GARNET');

CREATE TABLE IF NOT EXISTS `integracion_tipo` (
  `cod_tipo` int(2) UNSIGNED ZEROFILL NOT NULL AUTO_INCREMENT,
  `nombre_tipo` varchar(100) NOT NULL,

  PRIMARY KEY (`cod_tipo`)
) ENGINE=InnoDB DEFAULT CHARSET=utf8mb3 COLLATE=utf8mb3_general_ci;

INSERT IGNORE INTO `integracion_tipo` (`cod_tipo`, `nombre_tipo`) VALUES
(01, 'organization'),
(02, 'paymentGateway'),
(03, 'software');

CREATE TABLE IF NOT EXISTS `integracion` (
  `cod_integracion` varchar(50) NOT NULL,
  `nombre` varchar(100) NOT NULL,
  `cod_tipo` int(2) UNSIGNED ZEROFILL NOT NULL,
  `estado` enum('linked','unlinked','pending') NOT NULL,
  `icono` varchar(100) NOT NULL,

  PRIMARY KEY (`cod_integracion`),
  KEY `cod_tipo` (`cod_tipo`),

  FOREIGN KEY (`cod_tipo`) REFERENCES `integracion_tipo` (`cod_tipo`) ON DELETE CASCADE
) ENGINE=InnoDB DEFAULT CHARSET=utf8mb3 COLLATE=utf8mb3_general_ci;

INSERT IGNORE INTO `integracion` (`cod_integracion`, `nombre`, `cod_tipo`, `estado`, `icono`) VALUES
('biostar', 'Biostar', 03, 'pending', 'Biostar.svg'),
('dahua', 'Dahua', 03, 'unlinked', 'Dahua.svg'),
('dgt', 'DGT', 01, 'pending', 'DGT.png'),
('genetec', 'Genetec', 03, 'unlinked', 'Genetec.png'),
('hikvision', 'Hikvision', 03, 'unlinked', 'Hikvision.png'),
('milestone', 'Milestone', 03, 'unlinked', 'Milestone.png'),
('nx', 'Network Optix', 03, 'linked', 'NX.png'),
('pinbal', 'Pinbal', 01, 'unlinked', 'Pinbal.png'),
('redsys', 'Redsys', 02, 'unlinked', 'Redsys.png');

CREATE TABLE IF NOT EXISTS `modelos` (
  `desc_modelo` varchar(100) NOT NULL,
  `sup_1000` varchar(2) NOT NULL
) ENGINE=MyISAM DEFAULT CHARSET=latin1 COLLATE=latin1_swedish_ci;

INSERT IGNORE INTO `modelos` (`desc_modelo`, `sup_1000`) VALUES
('HYUNDAI TRAJET', 'si'),
('ALFA CROSWAGON', 'si'),
('ALFA ROMEO 145', 'si'),
('ALFA ROMEO 146', 'si'),
('ALFA ROMEO 147', 'si'),
('ALFA ROMEO 156', 'si'),
('ALFA ROMEO 159', 'si'),
('ALFA ROMEO 166', 'si'),
('ALFA ROMEO 33', 'si'),
('ALFA ROMEO 45', 'si'),
('ALFA ROMEO 75', 'si'),
('ALFA ROMEO MITO', 'si'),
('ALFA ROMEO Q4', 'si'),
('ALFA-SPARK', 'si'),
('ANTARA', 'si'),
('ANTARA', 'si'),
('ANTARA', 'si'),
('ANTARA', 'si'),
('ANTARA', 'si'),
('APRILIA', 'no'),
('AUDI', 'si'),
('AUDI 100', 'si'),
('AUDI 200', 'si'),
('AUDI 80', 'si'),
('AUDI 90', 'si'),
('AUDI 90', 'si'),
('AUDI A-1', 'si'),
('AUDI A-2', 'no'),
('AUDI A-3', 'si'),
('AUDI A-4', 'si'),
('AUDI A-5', 'si'),
('AUDI A-6', 'si'),
('AUDI A-8', 'si'),
('AUDI CABRIO', 'si'),
('AUDI COUPE', 'si'),
('AUDI Q-7', 'si'),
('AUDI QUATRO', 'si'),
('AUDI R-8', 'si'),
('AUDI SERIE 1', 'si'),
('AUDI TT', 'si'),
('AUSTIN METRO', 'no'),
('AUSTIN MONTEGO', 'si'),
('BERTONE', 'si'),
('BICING', 'no'),
('BMW', 'si'),
('BMW 116', 'si'),
('BMW 118', 'si'),
('BMW 120', 'si'),
('BMW 315', 'si'),
('BMW 316', 'si'),
('BMW 318', 'si'),
('BMW 320', 'si'),
('BMW 323', 'si'),
('BMW 325', 'si'),
('BMW 330', 'si'),
('BMW 330', 'si'),
('BMW 520', 'si'),
('BMW 523', 'si'),
('BMW 525', 'si'),
('BMW 528', 'si'),
('BMW 530', 'si'),
('BMW 535', 'si'),
('BMW 540', 'si'),
('BMW 545', 'si'),
('BMW 630', 'si'),
('BMW 645', 'si'),
('BMW 730', 'si'),
('BMW 735', 'si'),
('BMW 740', 'si'),
('BMW 745', 'si'),
('BMW BERTONE', 'si'),
('BMW M3 COUPE', 'si'),
('BMW M5', 'si'),
('BMW SERIE 1', 'si'),
('BMW SERIE 3', 'si'),
('BMW X-3', 'si'),
('BMW X5', 'si'),
('BMW Z-3', 'si'),
('BMW Z-4', 'si'),
('BMW-328', 'si'),
('CHEVROLET ALERO', 'si'),
('CHEVROLET AVEO', 'si'),
('CHEVROLET CAPTIVA', 'si'),
('CHEVROLET CORVETTE', 'si'),
('CHEVROLET CRUZE', 'si'),
('CHEVROLET EPICA', 'si'),
('CHEVROLET KALOS', 'no'),
('CHEVROLET LACETTI', 'si'),
('CHEVROLET MATIZ', 'no'),
('CHEVROLET NEVADA', 'si'),
('CHEVROLET NUBIRA', 'si'),
('CHEVROLET SPARK', 'no'),
('CHEVROLET TACUMA', 'si'),
('CHEVROLET TAHOE', 'si'),
('CHEVROLET TRAIL', 'si'),
('CHEVROLET TRANSPORT', 'si'),
('CHRILER 300', 'si'),
('CHRYSLER', 'si'),
('CHRYSLER CEBRING', 'si'),
('CHRYSLER GRAN VOYAGE', 'si'),
('CHEVROLET NUBIRA', 'si'),
('CHEVROLET SPARK', 'no'),
('CHEVROLET TACUMA', 'si'),
('CHEVROLET TAHOE', 'si'),
('CHEVROLET TRAIL', 'si'),
('CHEVROLET TRANSPORT', 'si'),
('CHRILER 300', 'si'),
('CHRYSLER', 'si'),
('CHRYSLER CEBRING', 'si'),
('CHRYSLER GRAN VOYAGE', 'si'),
('CITROEN C-1', 'no'),
('CITROEN C-15', 'si'),
('CITROEN C-2', 'no'),
('CITROEN C-25', 'si'),
('CITROEN C-3', 'si'),
('CITROEN C-4', 'si'),
('CITROEN C-5', 'si'),
('CITROEN C-6', 'si'),
('CITROEN C-8', 'si'),
('CITROEN C-CROSSER', 'si'),
('CITROEN DS3', 'si'),
('CITROEN EVASION', 'si'),
('CITROEN JUMPER', 'si'),
('CITROEN JUMPY', 'si'),
('CITROEN NEMO', 'si'),
('CITROEN PICASSO', 'si'),
('CITROEN PLURIEL', 'si'),
('CITROEN SAXO', 'no'),
('CITROEN VISA', 'si'),
('CITROEN XANTIA', 'si'),
('CITROEN XM', 'si'),
('CITROEN XSARA', 'si'),
('CITROEN ZX', 'si'),
('DACIA DUSTER', 'si'),
('DACIA LOGAN', 'si'),
('DACIA SANDERO', 'si'),
('DAEWO NEXIA', 'si'),
('DAEWOO ARANOS', 'si'),
('DAEWOO EVANDA', 'si'),
('DAEWOO KALOS', 'no'),
('DAEWOO LACETTI', 'si'),
('DAEWOO LANOS', 'si'),
('DAEWOO LEGANZA', 'si'),
('DAEWOO MATIZ', 'no'),
('DAEWOO NUBIRA', 'si'),
('DAEWOO TACUMA', 'si'),
('DAIHATSU YRV', 'no'),
('DAILIN NS', 'no'),
('DENIA 50CC', 'no'),
('DERBI', 'no'),
('DERBI SENDA', 'si'),
('DERBI ATLANTIS', 'no'),
('DERBI SENDA', 'no'),
('DERBI SENDA', 'no'),
('DINK 50', 'no'),
('DODGE AVENGER', 'si'),
('DODGE CALIBER', 'si'),
('EBRO', 'si'),
('FIAT TOURNEO', 'si'),
('FIAT 500', 'no'),
('FIAT 600', 'no'),
('FIAT BARCHETTA', 'si'),
('FIAT BRAVA', 'si'),
('FIAT BRAVO', 'si'),
('FIAT CINQUECENTO', 'no'),
('FIAT COMBINATO', 'si'),
('FIAT COMBINATO', 'si'),
('FIAT CROMA', 'si'),
('FIAT DEDRA', 'si'),
('FIAT DOBLO', 'si'),
('FIAT DUCATO', 'si'),
('FIAT DUCATO', 'si'),
('FIAT FIORINO', 'si'),
('FIAT IDEA', 'si'),
('FIAT LINEA', 'si'),
('FIAT MAREA', 'si'),
('FIAT MULTIPLA', 'si'),
('FIAT PANDA', 'no'),
('FIAT PATIO', 'si'),
('FIAT PUNTO', 'no'),
('FIAT REGATA', 'no'),
('FIAT SCUDO', 'si'),
('FIAT SCUDO', 'si'),
('FIAT SCUDO', 'si'),
('FIAT SEDICI', 'si'),
('FIAT SEICENTO', 'no'),
('FIAT STILO', 'si'),
('FIAT STRADA', 'si'),
('FIAT TEMPRA', 'si'),
('FIAT TIPO', 'no'),
('FIAT ULYSSE', 'si'),
('FIAT UNO', 'no'),
('FORD EXPLORER', 'si'),
('FORD MAVERICK', 'si'),
('FORD C-MAX', 'si'),
('FORD COUGAR', 'si'),
('FORD COURRIER', 'si'),
('FORD ESCORPIO', 'si'),
('FORD ESCORT', 'si'),
('FORD FIESTA', 'no'),
('FORD FOCUS', 'si'),
('FORD FUSION', 'si'),
('FORD GALAXY', 'si'),
('FORD KA', 'no'),
('FORD KUGA', 'si'),
('FORD MAVERICK', 'si'),
('FORD MONDEO', 'si'),
('FORD ORION', 'si'),
('FORD PROBE', 'si'),
('FORD PUMA', 'no'),
('FORD SIERRA', 'si'),
('FORD S-MAX', 'si'),
('FORD TOURNEO', 'si'),
('FORD TRANSIT', 'si'),
('GALLOPER', 'si'),
('GALLOPER EXCEED', 'si'),
('GALLOPER SANTAMO', 'si'),
('GALLOPER SUPER EXCED', 'si'),
('GME MIDI', 'si'),
('GUILERA', 'si'),
('HONDA', 'no'),
('HONDA CRZ', 'si'),
('HONDA ACCORD', 'si'),
('HONDA ACCORD', 'si'),
('HONDA ACCORDO', 'no'),
('HONDA CIVIC', 'si'),
('HONDA CONCERTO', 'si'),
('HONDA CRV', 'si'),
('HONDA CRX', 'si'),
('HONDA CRZ', 'si'),
('HONDA FRV', 'si'),
('HONDA HRV', 'si'),
('HONDA HR-V', 'si'),
('HONDA JAZZ', 'si'),
('HONDA KYMCO', 'no'),
('HONDA LOGO', 'no'),
('HONDA PRELUDE', 'si'),
('HONDA SGX50', 'si'),
('HONDA STREAM', 'si'),
('HYOSUNG', 'no'),
('HYUNDAI ACCENT', 'si'),
('HYUNDAI ATOS', 'no'),
('HYUNDAI COUPE', 'si'),
('HYUNDAI GETZ', 'no'),
('HYUNDAI H-1', 'si'),
('HYUNDAI H-100', 'si'),
('HYUNDAI I 20', 'si'),
('HYUNDAI I -30', 'si'),
('HYUNDAI I-10', 'no'),
('HYUNDAI IX35', 'si'),
('HYUNDAI LANTRA', 'si'),
('HYUNDAI MATRIX', 'si'),
('HYUNDAI PONNY', 'no'),
('HYUNDAI SANTA FE', 'si'),
('HYUNDAI SONATA', 'si'),
('HYUNDAI TERRACAN', 'si'),
('HYUNDAI TRAJET', 'si'),
('HYUNDAI TUCSON', 'si'),
('HYUNDAI TUCSON', 'si'),
('HYUNDAY LANTRA', 'si'),
('INFINITY FX30 D-5', 'si'),
('ISUZU TROOPER', 'si'),
('IVECO DAILY', 'si'),
('JAGUAR', 'si'),
('JAGUAR XJR', 'si'),
('JAGUAR SOVEREING', 'si'),
('JAGUAR X TYPE', 'si'),
('JAUGUAR DAIMLER', 'si'),
('JEEP', 'si'),
('JEEP CHEROKEE', 'si'),
('JEEP LIMITE', 'si'),
('JEEP WRANGLER', 'si'),
('KIA CARENS', 'si'),
('KIA CARNIVAL', 'si'),
('KIA CEED', 'si'),
('KIA CERATO', 'si'),
('KIA CLARUS', 'si'),
('KIA JOICE', 'si'),
('KIA PICANTO', 'no'),
('KIA PRIDE', 'no'),
('KIA RIO', 'si'),
('KIA SEPHIA', 'no'),
('KIA SHUMA', 'si'),
('KIA SORENTO', 'si'),
('KIA SPORTAGE', 'si'),
('KORANDO 602-EL', 'si'),
('LADA NIVA', 'si'),
('LADA SAMARA', 'si'),
('LANCIA APSIGAN', 'si'),
('LANCIA BETA', 'no'),
('LANCIA DEDRA', 'si'),
('LANCIA DELTA', 'si'),
('LANCIA LYBRA', 'si'),
('LANCIA PHEDRA', 'si'),
('LANCIA PRISMA', 'si'),
('LANCIA THEMA', 'si'),
('LANCIA THESIS', 'si'),
('LANCIA Y-10', 'no'),
('LANCIA YPSILON', 'no'),
('LAND ROVER', 'si'),
('LAND ROVER 88', 'si'),
('LAND ROVER DEFENDER', 'si'),
('LAND ROVER DISCOVERY', 'si'),
('LAND ROVER FREELANDER', 'si'),
('LEXUS', 'si'),
('LEXUS 200', 'si'),
('LEXUS GS 450 H', 'si'),
('LOTUS', 'si'),
('LOTUS ELISE', 'si'),
('LY 35', 'si'),
('MACROCAR', 'no'),
('MAZDA 3', 'si'),
('MAZDA RX 8', 'no'),
('MAZDA 121', 'si'),
('MAZDA -2', 'si'),
('MAZDA 3', 'si'),
('MAZDA 323', 'si'),
('MAZDA 5', 'si'),
('MAZDA 6', 'si'),
('MAZDA 626', 'si'),
('MAZDA CX-7', 'si'),
('MAZDA DEMIO', 'si'),
('MAZDA MPV', 'si'),
('MAZDA MX 5', 'si'),
('MAZDA MX-3', 'si'),
('MAZDA MX-6', 'si'),
('MAZDA PREMACY', 'si'),
('MAZDA RX-3', 'si'),
('MAZDA TRIBUTE', 'si'),
('MAZDA XEDOS 6', 'si'),
('MERCEDES', 'si'),
('MERCEDES 110', 'si'),
('MERCEDES 160', 'si'),
('MERCEDES 180', 'si'),
('MERCEDES 190', 'si'),
('MERCEDES 200', 'si'),
('MERCEDES 210', 'si'),
('MERCEDES 220', 'si'),
('MERCEDES 230', 'si'),
('MERCEDES 240', 'no'),
('MERCEDES 250', 'si'),
('MERCEDES 270', 'si'),
('MERCEDES 300', 'si'),
('MERCEDES 300-D', 'si'),
('MERCEDES 313', 'si'),
('MERCEDES 320', 'si'),
('MERCEDES 350', 'si'),
('MERCEDES 380', 'si'),
('MERCEDES 390', 'si'),
('MERCEDES A- 160', 'si'),
('MERCEDES A-140', 'si'),
('MERCEDES A-150', 'si'),
('MERCEDES A-170', 'si'),
('MERCEDES A-180', 'si'),
('MERCEDES A-210', 'si'),
('MERCEDES C -220', 'si'),
('MERCEDES C-180', 'si'),
('MERCEDES C-280', 'si'),
('MERCEDES CLK 270', 'si'),
('MERCEDES E-200', 'si'),
('MERCEDES E-250', 'si'),
('MERCEDES E-270', 'si'),
('MERCEDES E-290', 'si'),
('MERCEDES KOMPRESSOR', 'si'),
('MERCEDES MB-100', 'si'),
('MERCEDES MB-100', 'si'),
('MERCEDES MB-120', 'si'),
('MERCEDES MB-140', 'si'),
('MERCEDES ML-270', 'si'),
('MERCEDES ML-320', 'si'),
('MERCEDES S-500', 'si'),
('MERCEDES SLK-200', 'si'),
('MERCEDES SPRINTER', 'si'),
('MERCEDES VANEO', 'si'),
('MERCEDES VIANO', 'si'),
('MERCEDES VITO', 'si'),
('MG-', 'si'),
('MICROCAR C-2', 'no'),
('MINI COOPER', 'si'),
('MINI MOTO', 'no'),
('MINI ONE', 'si'),
('MITSUBISHI WAGON', 'si'),
('MITSUBISHI CARISMA', 'si'),
('MITSUBISHI COLT', 'no'),
('MITSUBISHI ECLIPSE', 'si'),
('MITSUBISHI GALANT', 'si'),
('MITSUBISHI L-200', 'si'),
('MITSUBISHI LANCER', 'si'),
('MITSUBISHI MONTERO', 'si'),
('MITSUBISHI PAJERO', 'si'),
('MITSUBISHI SPACE', 'si'),
('MITSUBISHI SPACE STAR', 'si'),
('ML 55', 'si'),
('ML 55', 'si'),
('MOTOCARRO', 'no'),
('MOTOCICLETAS', 'no'),
('MPV', 'si'),
('NISSAN NAVARA', 'si'),
('NISSAN SUNNY', 'si'),
('NISSAN 100 NX', 'si'),
('NISSAN 200 SX', 'si'),
('NISSAN ALMERA', 'si'),
('NISSAN BLUEBIRD', 'si'),
('NISSAN CABSTAR', 'si'),
('NISSAN CARGO', 'si'),
('NISSAN INTERSTAR', 'si'),
('NISSAN JUKE', 'si'),
('NISSAN KUBISTAR', 'si'),
('NISSAN MAXIMA', 'si'),
('NISSAN MICRA', 'no'),
('NISSAN MURANO', 'si'),
('NISSAN NAVARA', 'si'),
('NISSAN NOTE', 'si'),
('NISSAN NV200', 'si'),
('NISSAN PATHFINDER', 'si'),
('NISSAN PATROL', 'si'),
('NISSAN PICK-UP', 'si'),
('NISSAN PRATIC', 'si'),
('NISSAN PRIMASTAR', 'si'),
('NISSAN PRIMERA', 'si'),
('NISSAN QASHQAI', 'si'),
('NISSAN SERENA', 'si'),
('NISSAN SUNNY', 'si'),
('NISSAN TERRANO', 'si'),
('NISSAN TERRANO II', 'si'),
('NISSAN TILDA', 'si'),
('NISSAN TINO', 'si'),
('NISSAN TRADE', 'si'),
('NISSAN TRAIL', 'si'),
('NISSAN VANETTE', 'si'),
('NISSAN X-TRAIL', 'si'),
('NOIUGIUYFNRJKUF', 'si'),
('NOVANO', 'si'),
('OPEL AGILA', 'si'),
('OPEL ANTARA', 'si'),
('OPEL ASCONA', 'si'),
('OPEL ASTRA', 'si'),
('OPEL CALIBRA', 'si'),
('OPEL COMBO', 'si'),
('OPEL CORSA', 'no'),
('OPEL FRONTERA', 'si'),
('OPEL INSIGNIA', 'si'),
('OPEL KADETT', 'si'),
('OPEL MERIVA', 'si'),
('OPEL MONTERREY', 'si'),
('OPEL MOVANO', 'si'),
('OPEL NOVANO', 'si'),
('OPEL OMEGA', 'si'),
('OPEL RASCAL', 'no'),
('OPEL SIGNUM', 'si'),
('OPEL SINTRA', 'si'),
('OPEL TIGRA', 'si'),
('OPEL VECTRA', 'si'),
('OPEL VIVARO', 'si'),
('OPEL ZAFIRA', 'si'),
('PEGASO', 'si'),
('PEUGEOT', 'no'),
('PEUGEOT 407', 'si'),
('PEUGEOT EXPERT', 'si'),
('PEUGEOT 1007', 'si'),
('PEUGEOT 106', 'no'),
('PEUGEOT 107', 'no'),
('PEUGEOT 205', 'no'),
('PEUGEOT 206', 'no'),
('PEUGEOT 207', 'si'),
('PEUGEOT 208', 'si'),
('PEUGEOT 3008', 'si'),
('PEUGEOT 305', 'si'),
('PEUGEOT 306', 'si'),
('PEUGEOT 307', 'si'),
('PEUGEOT 308', 'si'),
('PEUGEOT 309', 'si'),
('PEUGEOT 4007', 'si'),
('PEUGEOT 405', 'si'),
('PEUGEOT 406', 'si'),
('PEUGEOT 407', 'si'),
('PEUGEOT 5008', 'si'),
('PEUGEOT 505', 'si'),
('PEUGEOT 508', 'si'),
('PEUGEOT 605', 'si'),
('PEUGEOT 607', 'si'),
('PEUGEOT 607', 'si'),
('PEUGEOT 806', 'si'),
('PEUGEOT 807', 'si'),
('PEUGEOT BIPPER', 'si'),
('PEUGEOT BOXER', 'si'),
('PEUGEOT EXPERT', 'si'),
('PEUGEOT J-5', 'si'),
('PEUGEOT PARTNER', 'si'),
('PEUGEOT SPRINTER', 'si'),
('PEUGEOT TEPEE', 'si'),
('PIAGGIO', 'no'),
('PIAGGIO PORTER', 'no'),
('POKET BIKE', 'no'),
('PONTIAC', 'si'),
('PORSCHE', 'si'),
('PORSCHE 944', 'si'),
('PORSCHE BOXSTER', 'si'),
('PORSCHE CARRERA', 'si'),
('PORSCHE CAYENNE', 'si'),
('RANGE ROVER', 'si'),
('RENAUL EXPRESS', 'si'),
('RENAUL MODUS', 'si'),
('RENAULT 5', 'si'),
('RENAULT 120', 'si'),
('RENAULT 18', 'si'),
('RENAULT 18', 'si'),
('RENAULT 5', 'no'),
('RENAULT 6', 'si'),
('RENAULT CLIO', 'no'),
('RENAULT COUPE', 'si'),
('RENAULT ESPACE', 'si'),
('RENAULT EXPRES', 'si'),
('RENAULT GRAN SPACE', 'si'),
('RENAULT KANGOO', 'si'),
('RENAULT KANGOO', 'no'),
('RENAULT KOLEOS', 'si'),
('RENAULT LAGUNA', 'si'),
('RENAULT MASTER', 'si'),
('RENAULT MEGANE', 'si'),
('RENAULT MODUS', 'si'),
('RENAULT R-11', 'si'),
('RENAULT R-18', 'si'),
('RENAULT R-19', 'si'),
('RENAULT R-21', 'si'),
('RENAULT R-25', 'si'),
('RENAULT R-4', 'no'),
('RENAULT R-5', 'no'),
('RENAULT R-7', 'no'),
('RENAULT R-9', 'no'),
('RENAULT SAFRANE', 'si'),
('RENAULT SCENIC', 'si'),
('RENAULT TRAFIC', 'si'),
('RENAULT TWINGO', 'no'),
('RENAULT VEL SATIS', 'si'),
('RENAULT WIND', 'si'),
('RENNAULT120', 'si'),
('RIEJU RR50', 'si'),
('ROURA 214', 'si'),
('ROVER', 'si'),
('ROVER 200', 'no'),
('ROVER 214', 'no'),
('ROVER 216', 'no'),
('ROVER 220', 'no'),
('ROVER 25', 'no'),
('ROVER 400', 'si'),
('ROVER 400', 'si'),
('ROVER 400', 'si'),
('ROVER 414', 'si'),
('ROVER 416', 'si'),
('ROVER 420 SDI', 'no'),
('ROVER 420 SDI', 'si'),
('ROVER 45', 'si'),
('ROVER 600', 'si'),
('ROVER 620', 'si'),
('ROVER 623', 'si'),
('ROVER 75', 'si'),
('ROVER 820', 'si'),
('ROVER 827', 'si'),
('ROVER MONTEGO', 'si'),
('SAAB', 'si'),
('SAAB 93', 'si'),
('SAAB 95', 'si'),
('SEAT AROSA', 'no'),
('SEAT 131', 'si'),
('SEAT 600', 'no'),
('SEAT ALHAMBRA', 'si'),
('SEAT ALTEA', 'si'),
('SEAT AROSA', 'no'),
('SEAT BOCANEGRA', 'si'),
('SEAT CORDOBA', 'si'),
('SEAT CUPRA', 'si'),
('SEAT EXEO', 'si'),
('SEAT IBIZA', 'si'),
('SEAT INCA', 'si'),
('SEAT LEON', 'si'),
('SEAT MALAGA', 'si'),
('SEAT MARBELLA', 'no'),
('SEAT MII', 'no'),
('SEAT PANDA', 'no'),
('SEAT RITMO', 'no'),
('SEAT RONDA', 'no'),
('SEAT TERRA', 'no'),
('SEAT TOLEDO', 'si'),
('SEAT VARIO', 'si'),
('SEAT-124', 'si'),
('SEAT-1430', 'si'),
('SEAT-850', 'no'),
('SEAT-ALTEA', 'si'),
('SKODA FABIA', 'si'),
('SKODA FAVORIT', 'si'),
('SKODA FELICIA', 'no'),
('SKODA LADA', 'no'),
('SKODA OCTAVIA', 'si'),
('SKODA PICKUP', 'si'),
('SKODA ROOMSTER', 'si'),
('SKODA ROONTER', 'si'),
('SKODA YETI', 'si'),
('SMART', 'no'),
('SMART-FORFOUR', 'no'),
('SMART-FORTWO', 'no'),
('SMART-ROADSTER', 'no'),
('SSANGOYONG ACTYON', 'si'),
('SSANGYONC RODIOS', 'si'),
('SSANGYONG', 'si'),
('SSANGYONG ACTION', 'si'),
('SSANGYONG ACTYON', 'si'),
('SSANGYONG KYRON', 'si'),
('SSANGYONG MUSSO', 'si'),
('SSANGYONG RODIUS', 'si'),
('SSANGYOUNG REXTON', 'si'),
('SUBARU FORESTER', 'si'),
('SUBARU IMPREZA', 'si'),
('SUBARU JUSTY', 'si'),
('SUBARU LEGACI', 'si'),
('SUBARU OUTBACK', 'si'),
('SUPERB', 'si'),
('SUZUKI ALTO', 'no'),
('SUZUKI SANTANA', 'si'),
('SUZUKI ADRESS', 'no'),
('SUZUKI BALENO', 'no'),
('SUZUKI IGNIS', 'si'),
('SUZUKI IGRIS', 'si'),
('SUZUKI JIMNY', 'si'),
('SUZUKI SAMURAI', 'si'),
('SUZUKI SWIFT', 'no'),
('SUZUKI SX4', 'si'),
('SUZUKI VITARA', 'si'),
('SUZUKI WAGON', 'no'),
('TALBOT HORIZON', 'si'),
('TATA INDICA', 'no'),
('TATA SAFARI', 'si'),
('TATA SUMO', 'si'),
('TATA TELCOLINE', 'si'),
('TOYOTA A 460', 'no'),
('TOYOTA ATOS', 'no'),
('TOYOTA AURIS', 'si'),
('TOYOTA AVENSIS', 'si'),
('TOYOTA AYGO', 'no'),
('TOYOTA CARINA', 'si'),
('TOYOTA CELICA', 'si'),
('TOYOTA COROLLA', 'si'),
('TOYOTA HIACE', 'si'),
('TOYOTA IQ', 'si'),
('TOYOTA LAND CRUISER', 'si'),
('TOYOTA PASEO', 'no'),
('TOYOTA PIKUTV', 'si'),
('TOYOTA PREVIA', 'si'),
('TOYOTA PRIUS', 'si'),
('TOYOTA RAV-4', 'si'),
('TOYOTA URBAN CRUISER', 'si'),
('TOYOTA VERSO', 'si'),
('TOYOTA YARIS', 'no'),
('TOYOTA-RAV 4', 'no'),
('TRAJET', 'si'),
('TRAJET', 'si'),
('TUAREG', 'si'),
('URBAN CRUISER', 'si'),
('URBAN CRUISER', 'si'),
('URBAN CRUISER', 'si'),
('V.W BORA', 'si'),
('V.W CADDY', 'si'),
('V.W CARAVELLE', 'si'),
('V.W ESCARABAJO', 'si'),
('V.W GOLF', 'si'),
('V.W JETTA', 'si'),
('V.W LUPO', 'no'),
('V.W MULTIVAN', 'si'),
('V.W NEW BEETLEE', 'si'),
('V.W PASSAT', 'si'),
('V.W PHAETON', 'si'),
('V.W POLO', 'si'),
('V.W TRANSPORTER', 'si'),
('V.W VENTO', 'si'),
('V.W FOX', 'si'),
('V.W GOLF', 'si'),
('V.W LY 35', 'si'),
('V.W LY 35', 'si'),
('V.W SHARAN', 'si'),
('V.W SIROCCO', 'si'),
('V.W TARO', 'si'),
('V.W TOURAN', 'si'),
('V.W. TRANSPORTER', 'si'),
('VOLVO 360', 'si'),
('VOLVO 440', 'si'),
('VOLVO 460', 'si'),
('VOLVO 480', 'si'),
('VOLVO 740', 'si'),
('VOLVO 760', 'si'),
('VOLVO 850', 'si'),
('VOLVO C-30', 'si'),
('VOLVO C-70', 'si'),
('VOLVO S-40', 'si'),
('VOLVO S-60', 'si'),
('VOLVO S-70', 'si'),
('VOLVO S-80', 'si'),
('VOLVO V-40', 'si'),
('VOLVO V-50', 'si'),
('VOLVO 760', 'si'),
('VOLVO 850', 'si'),
('VOLVO C-30', 'si'),
('VOLVO C-70', 'si'),
('VOLVO S-40', 'si'),
('VOLVO S-60', 'si'),
('VOLVO S-70', 'si'),
('VOLVO S-80', 'si'),
('VOLVO V-40', 'si'),
('VOLVO V-50', 'si'),
('VW LUPO', 'no'),
('VW MULTIVAN', 'si'),
('VW NEW BEATTLE', 'si'),
('VW- PASSAT', 'si'),
('VW POLO', 'si'),
('VW SCIROCCO', 'si'),
('VW SHARAN', 'si'),
('VW TIGUAN', 'si'),
('VW TOUAREG', 'si'),
('VW TOURAN', 'si'),
('VW TRANSPORTER', 'si'),
('VW-BORA', 'si'),
('VW-GOLF', 'si'),
('VW-TOUAREG', 'si'),
('VW-VENTO', 'si'),
('WIND', 'si'),
('YAMAHA', 'no'),
('YAMAHA YOG', 'no');


-- +goose Down
DROP TABLE IF EXISTS `paises`;

DROP TABLE IF EXISTS `provincias`;
DROP TABLE IF EXISTS `poblaciones`;
DROP TABLE IF EXISTS `colores`;
DROP TABLE IF EXISTS `modelos`;

DROP TABLE IF EXISTS `integracion`;
DROP TABLE IF EXISTS `integracion_tipo`;
