-- +goose Up
INSERT IGNORE INTO `sectores_verticales` (`cod_sector`, `nombre_sector`) VALUES
(001, 'Smart City'),
(002, 'Smart Ski'),
(003, 'Smart Retail'),
(004, 'Smart Enterprise'),
(005, 'Smart Hotel'),
(006, 'Smart Industry');

INSERT IGNORE INTO `modulos` (`cod_modulo`, `abreviacion`, `nombre_modulo`, `cod_sector`) VALUES
(0001, 'ATC', 'analytic', 000001),
(0002, 'BLD', 'smartbuilding', 000001),
(0003, 'CIU', 'appciudad', 000001),
(0004, 'CR', 'care', 000001),
(0005, 'EMC', 'emergency', 000001),
(0006, 'EVR', 'environment', 000001),
(0007, 'GRA', 'igrua', 000001),
(0008, 'IFG', 'infringement', 000001),
(0009, 'MAIN', 'main', 000001),
(0010, 'MNTC', 'maintenance', 000000),
(0011, 'MOB', 'mobility', 000001),
(0012, 'POL', 'apppolicia', 000001),
(0013, 'PRK', 'park', 000001),
(0014, 'RCL', 'recycling', 000001),
(0015, 'TR', 'traffic', 000001),
(0016, 'BOK', 'book', 000001),
(0017, 'VMS', 'vms', 000001),
(0018, 'STG', 'storage', 000001),
(0101, 'LFT', 'lifters', 000002),
(0102, 'TCK', 'tickets', 000002),
(0103, 'EMY', 'ski-emergency', 000002),
(0104, 'PKG', 'parking', 000002),
(0105, 'RST', 'restaurant', 000002),
(0106, 'VMSS', 'ski-vms', 000002),
(0107, 'ZON', 'ski-zones', 000002),
(0108, 'CONF', 'configuration', 000000),
(0109, 'SEC', 'security', 000000),
(0601, 'WHS', 'warehouse', 000006),
(0602, 'PRD', 'production', 000006),
(0603, 'OFC', 'offices', 000006),
(0604, 'VMSI', 'industry-vms', 000006);

INSERT IGNORE INTO `modulos_seccion` (`cod_seccion`, `cod_front`, `abreviacion`, `nombre_seccion`, `cod_modulo`, `cod_sector_unico`) VALUES
(0001, 'traffic-live', 'LIV', 'LIVE', 0015, NULL),
(0003, 'traffic-consulting-consults', 'CON', 'VEHICULOS', 0015, NULL),
(0005, NULL, 'LGI', 'LOGIN', NULL, NULL),
(0009, 'traffic-stats', 'EST', 'ESTADISTICAS', 0015, NULL),
(0023, NULL, 'DSH', 'DASHBOARD', NULL, NULL),
(0039, 'lifters-live', 'LIV', 'LIVE', 0101, NULL),
(0040, 'lifters-consulting', 'CON', 'CONSULTAS', 0101, NULL),
(0041, 'lifters-stats', 'EST', 'ESTADISTICAS', 0101, NULL),
(0043, 'lifters-settings-lifters', 'LIF', 'LIFTERS', 0101, NULL),
(0044, 'lifters-settings-grid', 'LAY', 'LAYOUTS', 0101, NULL),
(0045, 'tickets-live', 'LIV', 'LIVE', 0102, NULL),
(0046, 'tickets-consulting', 'CON', 'CONSULTAS', 0102, NULL),
(0047, 'tickets-stats', 'EST', 'ESTADISTICAS', 0102, NULL),
(0049, 'tickets-settings-points', 'PV', 'PUNTOS DE VENTA', 0102, NULL),
(0050, 'tickets-settings-box', 'TAQ', 'TAQUILLAS', 0102, NULL),
(0051, 'tickets-settings-grid', 'LAY', 'LAYOUTS', 0102, NULL),
(0052, 'ski-emergency-live', 'LIV', 'LIVE', 0103, NULL),
(0053, 'ski-emergency-consulting', 'CON', 'CONSULTAS', 0103, NULL),
(0055, 'ski-emergency-settings-grid', 'LAY', 'LAYOUTS', 0103, NULL),
(0056, 'ski-vms-live', 'VMS', 'VMS', 0106, NULL),
(0057, 'ski-vms-files', 'FIL', 'ARCHIVOS', 0106, NULL),
(0058, 'ski-vms-settings-grid', 'LAY', 'LAYOUTS', 0106, NULL),
(0059, 'ski-zones', 'ZON', 'ZONAS', 0107, NULL),
(0061, 'traffic-prevalidation', 'PREV', 'PREVALIDACION', 0015, NULL),
(0063, 'traffic-settings-alerts', 'ALR', 'ALERTAS', 0015, NULL),
(0064, 'traffic-settings-lists', 'LIS', 'LISTAS', 0015, NULL),
(0065, 'traffic-settings-grid', 'LAY', 'LAYOUTS', 0015, NULL),
(0066, 'mobility-live', 'LIV', 'LIVE', 0011, NULL),
(0067, 'mobility-consulting-consults', 'CON', 'REGISTRO_VEHICULOS', 0011, NULL),
(0069, 'mobility-prevalidation', 'PREV', 'PREVALIDACION', 0011, NULL),
(0070, 'infringement-live', 'LIV', 'LIVE', 0008, NULL),
(0071, 'mobility-stats-mobility', 'ESTM', 'ESTADISTICAS_VEHICULOS', 0011, NULL),
(0072, 'mobility-settings-alerts', 'ALR', 'ALERTAS', 0011, NULL),
(0073, 'mobility-settings-zones', 'ZON', 'ZONAS', 0011, NULL),
(0074, 'mobility-settings-grid', 'LAY', 'LAYOUTS', 0011, NULL),
(0075, 'infringement-sending', 'ENV', 'ENVIO', 0008, NULL),
(0076, 'infringement-consulting-consults', 'CON', 'CONSULTAS', 0008, NULL),
(0077, 'infringement-consulting-reports', 'INFO', 'INFORMES', 0008, NULL),
(0078, 'infringement-stats', 'EST', 'ESTADISTICAS', 0008, NULL),
(0079, 'vms-live', 'VMS', 'VMS', 0017, NULL),
(0080, 'vms-files', 'FIL', 'ARCHIVOS', 0017, NULL),
(0081, 'vms-settings-grid', 'LAY', 'LAYOUTS', 0017, NULL),
(0082, 'configuration-devices', 'DSP', 'DISPOSITIVOS', 0108, NULL),
(0083, 'configuration-cloud', 'CLD', 'CLOUD', 0108, NULL),
(0084, 'configuration-users', 'USR', 'USUARIOS', 0108, NULL),
(0085, 'configuration-permissions', 'PRM', 'PERMISOS', 0108, NULL),
(0086, 'configuration-licenses', 'LCN', 'LICENCIAS', 0108, NULL),
(0087, 'configuration-audit', 'AUD', 'SESIONES', 0109, NULL),
(0088, 'configuration-clients', 'CLI', 'CLIENTES', 0108, NULL),
(0089, 'configuration-generator', 'CLA', 'CLAVES', 0108, NULL),
(0090, 'traffic-settings-infringements', 'INF', 'INFRACCIONES', 0015, NULL),
(0091, 'mobility-settings-infringements', 'INF', 'INFRACCIONES', 0011, NULL),
(0092, 'analytic-live', 'ANL', 'ANALISIS', 0001, NULL),
(0093, 'analytic-consulting', 'INV', 'INVESTIGACIONES', 0001, NULL),
(0094, 'analytic-audit', 'AUD', 'AUDITORIA', 0001, NULL),
(0095, 'parking-live', 'PKL', 'LIVE', 0104, NULL),
(0096, 'parking-consulting', 'PKC', 'CONSULTAS', 0104, NULL),
(0097, 'parking-stats', 'PKS', 'ESTADISTICAS', 0104, NULL),
(0098, 'parking-settings-parkings', 'PKC', 'PARKINGS', 0104, NULL),
(0099, 'parking-settings-grid', 'PKG', 'LAYOUTS', 0104, NULL),
(0100, 'restaurant-live', 'RTL', 'LIVE', 0105, NULL),
(0101, 'restaurant-consulting', 'RTC', 'CONSULTAS', 0105, NULL),
(0102, 'restaurant-stats', 'RTS', 'ESTADISTICAS', 0105, NULL),
(0103, 'restaurant-settings-restaurants', 'RTC', 'RESTAURANTS', 0105, NULL),
(0104, 'restaurant-settings-grid', 'RTG', 'LAYOUTS', 0105, NULL),
(0105, 'infringement-campaigns', 'CMP', 'CAMPAÑAS', 0008, NULL),
(0106, 'configuration-vehicles', 'PDR', 'PADRON', 0108, 001),
(0107, 'warehouse-live', 'LIV', 'LIVE', 0601, NULL),
(0108, 'production-live', 'LIV', 'LIVE', 0602, NULL),
(0109, 'offices-live', 'LIV', 'LIVE', 0603, NULL),
(0110, 'warehouse-expeditions', 'WHC', 'EXPEDICIONES', 0601, NULL),
(0111, 'warehouse-picking', 'WHP', 'PICKING', 0601, NULL),
(0112, 'warehouse-alerts', 'WHA', 'ALERTAS', 0601, NULL),
(0113, 'offices-meets', 'OFR', 'REUNIONES', 0603, NULL),
(0114, 'offices-calls', 'OFC', 'LLAMADAS', 0603, NULL),
(0115, 'offices-access', 'OFA', 'ACCESOS', 0603, NULL),
(0116, 'industry-vms-live', 'VMS', 'VMS', 0604, NULL),
(0117, 'industry-vms-files', 'FIL', 'ARCHIVOS', 0604, NULL),
(0118, 'industry-vms-settings-grid', 'LAY', 'LAYOUTS', 0604, NULL),
(0120, 'configuration-warehouses', 'INS', 'WAREHOUSES', 0108, 006),
(0125, 'warehouse-settings-grid', 'LAY', 'LAYOUTS', 0601, NULL),
(0135, 'production-settings-grid', 'LAY', 'LAYOUTS', 0602, NULL),
(0142, 'offices-settings-access', 'IAD', 'PERMISOS', 0603, NULL),
(0143, 'offices-settings-users', 'IAU', 'USUARIOS', 0603, NULL),
(0146, 'offices-settings-grid', 'LAY', 'LAYOUTS', 0603, NULL),
(0147, 'configuration-integrations', 'INT', 'INTEGRACIONES', 0108, NULL),
(0148, 'maintenance-servers', 'SVS', 'SERVIDORES', 0010, NULL),
(0149, 'recycling-live', 'LIV', 'LIVE', 0014, NULL),
(0150, 'warehouse-recons', 'REC', 'RECONOCIMIENTOS', 0601, NULL),
(0151, 'warehouse-stats', 'WHS', 'ESTADISTICAS', 0601, NULL),
(0152, 'configuration-departments', 'DPT', 'DEPARTAMENTOS', 0108, 006),
(0153, 'offices-stats', 'OFS', 'ESTADISTICAS', 0603, NULL),
(0154, 'production-stats', 'WHS', 'ESTADISTICAS', 0602, NULL),
(0155, 'production-alerts', 'PLT', 'ALERTAS', 0602, NULL),
(0156, 'production-maintenance', 'PMT', 'MANTENIMIENTO', 0602, NULL),
(0157, 'mobility-stats-transport', 'ESTT', 'ESTADISTICAS_TRANSPORTE', 0011, NULL),
(0158, 'mobility-persons-consults', 'PER', 'REGISTRO_PERSONAS', 0011, NULL),
(0159, 'mobility-stats-persons', 'ESTP', 'ESTADISTICAS_PERSONAS', 0011, NULL),
(0160, 'security-monitoring', 'MON', 'MONITORIZACION', 0109, NULL),
(0161, 'security-consultsExt', 'CEXT', 'CONSULTAS_EXT', 0109, NULL),
(0162, 'security-map', 'MAP', 'MAPA', 0109, NULL),
(0163, 'security-alerts', 'ALE', 'ALERTAS', 0109, NULL);

-- +goose Down
DELETE FROM `modulos_seccion`;
DELETE FROM `modulos`;
DELETE FROM `sectores_verticales`;
